Class Code,SUM(Message),MINIMUM(Sent Date),MAXIMUM(Sent Date)
ABD6731,1,2015/09/13,2015/09/13
ABH0131,1,2015/08/04,2015/08/04
ABH1245,2,2015/06/18,2015/06/18
ABH4304,1,2015/04/25,2015/04/25
ABS4959,1,2015/09/13,2015/09/13
ACB1781,4,2015/06/18,2015/06/18
ACB7163,1,2015/06/30,2015/06/30
ADA7168,4,2015/07/24,2015/07/24
ADI2898,3,2015/09/05,2015/09/05
ADI3180,12,2015/08/27,2015/08/27
ADI4866,3,2015/04/24,2015/04/24
ADI7369,4,2015/09/05,2015/09/05
ADI9373,4,2015/08/27,2015/08/27
ADI9462,2,2015/08/27,2015/08/27
AFR4973,1,2015/09/10,2015/09/10
AGA8531,1,2015/06/21,2015/06/21
AGN6331,1,2015/04/20,2015/04/20
AJA1323,1,2015/09/01,2015/09/01
AJA2383,2,2015/08/27,2015/08/27
AJA4601,5,2015/07/22,2015/07/22
AJA5157,1,2015/08/27,2015/08/27
AJA5366,1,2015/08/29,2015/08/29
AKH6149,9,2015/07/12,2015/07/12
AKJ0141,3,2015/07/22,2015/07/22
AKJ0251,2,2015/07/17,2015/07/17
AKJ1330,1,2015/04/22,2015/04/22
AKJ1491,9,2015/09/11,2015/09/11
AKJ1495,2,2015/06/24,2015/06/24
AKJ2297,12,2015/09/11,2015/09/11
AKJ2517,3,2015/07/17,2015/07/17
AKJ2647,9,2015/09/11,2015/09/11
AKJ4097,6,2015/06/20,2015/06/20
AKJ4456,3,2015/07/17,2015/07/17
AKJ4722,6,2015/09/11,2015/09/11
AKJ4820,6,2015/09/11,2015/09/11
AKJ6933,4,2015/04/22,2015/04/22
AKJ8075,7,2015/06/20,2015/06/20
AKJ8516,7,2015/09/11,2015/09/11
AKJ8677,6,2015/06/20,2015/06/20
AKJ8897,6,2015/06/20,2015/06/20
AKJ9071,4,2015/04/22,2015/04/22
AKJ9214,2,2015/07/17,2015/07/17
AKJ9687,4,2015/04/22,2015/04/22
AKJ9754,4,2015/04/22,2015/04/22
AKS4485,1,2015/08/02,2015/08/02
ALO0114,1,2015/04/27,2015/04/27
ALP1620,1,2015/07/27,2015/07/27
AMA2780,1,2015/09/08,2015/09/08
AMA7611,1,2015/07/21,2015/07/21
AMI4521,4,2015/03/23,2015/03/23
AMI5859,2,2015/09/12,2015/09/12
AMI7236,1,2015/09/05,2015/09/05
ANI7255,2,2015/05/13,2015/05/13
ANI9732,1,2015/09/01,2015/09/01
ANK0070,1,2015/08/31,2015/08/31
ANK0861,3,2015/07/27,2015/07/27
ANK2182,1,2015/08/31,2015/08/31
ANK7042,1,2015/09/02,2015/09/02
ANK8389,4,2015/07/27,2015/07/27
ANK9325,1,2015/06/13,2015/06/13
ANS9226,83,2015/09/04,2015/09/04
ANT8289,1,2015/09/01,2015/09/01
ANT8944,1,2015/09/01,2015/09/01
ANU5555,1,2015/08/13,2015/08/13
ANZ0948,2,2015/04/26,2015/04/26
APP9369,1,2015/07/10,2015/07/10
ARI3593,1,2015/09/01,2015/09/01
ARI7974,1,2015/09/01,2015/09/01
ARJ8401,2,2015/09/05,2015/09/05
ARM0076,1,2015/08/31,2015/08/31
ARU0279,3,2015/09/03,2015/09/03
ARU0308,1,2015/09/03,2015/09/03
ARU2129,1,2015/09/03,2015/09/03
ARU2489,1,2015/09/03,2015/09/03
ARU2843,2,2015/05/10,2015/05/10
ARU4604,1,2015/09/03,2015/09/03
ARU6930,2,2015/09/03,2015/09/03
ARU9362,1,2015/09/03,2015/09/03
ARU9767,1,2015/09/03,2015/09/03
ASH0139,4,2015/08/06,2015/08/06
ASH1575,1,2015/08/17,2015/08/17
ASH3976,6,2015/08/06,2015/08/06
ASH4723,1,2015/09/01,2015/09/01
ASH6796,3,2015/08/06,2015/08/06
ASH9469,10,2015/08/06,2015/08/06
ASH9471,12,2015/08/06,2015/08/06
ASM1781,1,2015/08/27,2015/08/27
ASO8303,59,2015/09/04,2015/09/04
AVA3772,1,2015/07/20,2015/07/20
AVE9947,2,2015/09/08,2015/09/08
AVI4007,1,2015/07/28,2015/07/28
AVN3233,3,2015/09/03,2015/09/03
AYU0908,6,2015/09/08,2015/09/08
BAJ1422,13,2015/09/09,2015/09/09
BAJ2125,8,2015/09/09,2015/09/09
BAJ3635,12,2015/09/09,2015/09/09
BAJ9602,10,2015/09/09,2015/09/09
BET4487,4,2015/09/04,2015/09/04
BET5258,28,2015/09/09,2015/09/09
BHA0313,1,2015/06/19,2015/06/19
BIN2558,1,2015/03/24,2015/03/24
BIS3234,1,2015/06/30,2015/06/30
BIS3553,5,2015/08/17,2015/08/17
BOR1524,5,2015/08/31,2015/08/31
CHA0298,5,2015/08/12,2015/08/12
CHA2827,1,2015/07/15,2015/07/15
CHA3266,4,2015/07/01,2015/07/01
CHA5677,1,2015/09/11,2015/09/11
CHA8933,1,2015/08/11,2015/08/11
CIC0563,1,2015/08/26,2015/08/26
CLA0027,7,2015/09/07,2015/09/07
CLA0118,1,2015/05/29,2015/05/29
CLA1000,1,2015/09/05,2015/09/05
CLA1133,32,2015/09/13,2015/09/13
CLA1223,5,2015/08/13,2015/08/13
CLA1413,4,2015/08/08,2015/08/08
CLA1856,2,2015/06/27,2015/06/27
CLA1884,74,2015/09/13,2015/09/13
CLA2386,3,2015/06/27,2015/06/27
CLA2891,102,2015/09/13,2015/09/13
CLA4662,3,2015/07/17,2015/07/17
CLA5837,6,2015/08/05,2015/08/05
CLA6279,3,2015/07/17,2015/07/17
CLA7265,6,2015/09/13,2015/09/13
CLA7627,6,2015/08/14,2015/08/14
CLA7894,71,2015/09/13,2015/09/13
CLA7985,3,2015/07/17,2015/07/17
CLA8911,1,2015/07/21,2015/07/21
CLA9198,75,2015/09/13,2015/09/13
CLA9611,3,2015/07/17,2015/07/17
COM3712,1,2015/07/11,2015/07/11
DAR6862,1,2015/09/08,2015/09/08
DAY0334,1,2015/09/05,2015/09/05
DEE4444,4,2015/08/10,2015/08/10
DEM7135,5,2015/06/17,2015/06/17
DEN0115,4,2015/07/23,2015/07/23
DEV5422,1,2015/07/16,2015/07/16
DHA2062,1,2015/07/17,2015/07/17
DHA2542,2,2015/07/17,2015/07/17
DHA2580,4,2015/07/30,2015/07/30
DHA2843,1,2015/07/17,2015/07/17
DHA3047,2,2015/07/17,2015/07/17
DHA3951,15,2015/08/06,2015/08/06
DHA4166,2,2015/07/16,2015/07/16
DHA4838,12,2015/09/05,2015/09/05
DHA5321,9,2015/07/13,2015/07/13
DHA6472,20,2015/07/13,2015/07/13
DHA7266,1,2015/08/27,2015/08/27
DHA7591,3,2015/08/06,2015/08/06
DHA7739,1,2015/08/26,2015/08/26
DHA8195,1,2015/09/01,2015/09/01
DHA8349,11,2015/08/06,2015/08/06
DHA8619,4,2015/08/06,2015/08/06
DHA8821,1,2015/07/17,2015/07/17
DHA9758,2,2015/07/17,2015/07/17
DIG9358,5,2015/09/01,2015/09/01
DIM3415,14,2015/08/19,2015/08/19
DIM9494,1,2015/08/20,2015/08/20
DIS8627,1,2015/08/10,2015/08/10
DIV5686,5,2015/06/24,2015/06/24
DRH7748,5,2015/09/06,2015/09/06
ERT6403,3,2015/09/11,2015/09/11
EUR4042,5,2015/08/19,2015/08/19
FAA4232,10,2015/08/12,2015/08/12
FAA5175,5,2015/07/12,2015/07/12
FAR4782,1,2015/07/28,2015/07/28
FAT7534,1,2015/08/17,2015/08/17
FAT9969,2,2015/08/02,2015/08/02
FEL6108,3,2015/08/31,2015/08/31
FER4531,2,2015/08/22,2015/08/22
FER9413,15,2015/08/22,2015/08/22
FIR9767,3,2015/08/20,2015/08/20
FLO8341,1,2015/09/08,2015/09/08
GAB8184,1,2015/07/23,2015/07/23
GAI2127,4,2015/06/26,2015/06/26
GAR5354,1,2015/09/12,2015/09/12
GAU3027,1,2015/08/06,2015/08/06
GEE3999,2,2015/09/10,2015/09/10
GEN3007,67,2015/08/29,2015/08/29
GER6734,1,2015/09/08,2015/09/08
GHO2734,2,2015/07/20,2015/07/20
GHO7845,2,2015/07/25,2015/07/25
GOS3520,1,2015/08/01,2015/08/01
GOS3962,1,2015/07/24,2015/07/24
GOS6217,12,2015/09/11,2015/09/11
GRO4113,2,2015/08/25,2015/08/25
GUL0054,4,2015/09/09,2015/09/09
GUL5310,3,2015/09/06,2015/09/06
GUR7844,1,2015/04/03,2015/04/03
HAB2709,1,2015/09/12,2015/09/12
HAF8961,5,2015/06/04,2015/06/04
HAP0476,2,2015/09/09,2015/09/09
HAP2838,3,2015/09/09,2015/09/09
HAP4801,2,2015/09/09,2015/09/09
HAP4899,3,2015/09/09,2015/09/09
HAP9530,2,2015/09/09,2015/09/09
HAR0120,4,2015/09/05,2015/09/05
HAR0346,3,2015/09/05,2015/09/05
HAR0943,15,2015/08/25,2015/08/25
HAR2164,5,2015/09/03,2015/09/03
HAR2302,49,2015/09/09,2015/09/09
HAR3390,1,2015/09/04,2015/09/04
HAR3851,12,2015/08/25,2015/08/25
HAR4964,1,2015/07/25,2015/07/25
HAR5217,25,2015/09/08,2015/09/08
HAR5454,1,2015/07/23,2015/07/23
HAR5561,5,2015/09/03,2015/09/03
HAR7352,10,2015/08/24,2015/08/24
HAR7431,1,2015/07/25,2015/07/25
HAR7530,31,2015/09/08,2015/09/08
HAR7687,16,2015/08/19,2015/08/19
HAR7721,1,2015/07/31,2015/07/31
HEA9238,2,2015/08/06,2015/08/06
IDA3280,2,2015/08/31,2015/08/31
IND2989,1,2015/08/02,2015/08/02
INT5435,3,2015/07/21,2015/07/21
INT8440,2,2015/07/23,2015/07/23
JAG0361,1,2015/08/04,2015/08/04
JAI0145,1,2015/07/27,2015/07/27
JAI0353,2,2015/07/28,2015/07/28
JAI2016,1,2015/07/19,2015/07/19
JAI3004,1,2015/07/27,2015/07/27
JAI3582,1,2015/06/18,2015/06/18
JAI3641,1,2015/07/19,2015/07/19
JAI4793,2,2015/09/01,2015/09/01
JAI4865,4,2015/07/18,2015/07/18
JAI5442,4,2015/06/19,2015/06/19
JAI5516,1,2015/07/27,2015/07/27
JAI8828,1,2015/07/27,2015/07/27
JAM3745,2,2015/05/29,2015/05/29
JAM6765,1,2015/08/17,2015/08/17
JAN1581,7,2015/09/11,2015/09/11
JAN8782,3,2015/08/28,2015/08/28
JAS1998,9,2015/09/09,2015/09/09
JAS2846,1,2015/08/10,2015/08/10
JAS9719,1,2015/08/26,2015/08/26
JAY0362,1,2015/06/25,2015/06/25
JAY0925,3,2015/07/25,2015/07/25
JAY2811,1,2015/07/24,2015/07/24
JAY4544,2,2015/08/28,2015/08/28
JAY4873,1,2015/08/26,2015/08/26
JAY5836,443,2015/09/13,2015/09/13
JAY6031,4,2015/08/28,2015/08/28
JAY9180,2,2015/08/28,2015/08/28
JES0745,1,2015/09/02,2015/09/02
JOS8808,1,2015/09/06,2015/09/06
JUM5743,3,2015/07/26,2015/07/26
JUM6505,1,2015/06/25,2015/06/25
JYO0369,1,2015/07/22,2015/07/22
JYO8029,1,2015/04/24,2015/04/24
KAB0203,1,2015/07/17,2015/07/17
KAL1200,2,2015/04/01,2015/04/01
KAM3714,1,2015/09/02,2015/09/02
KAN0583,3,2015/09/05,2015/09/05
KAN1095,13,2015/09/10,2015/09/10
KAN4633,2,2015/07/31,2015/07/31
KAN8682,1,2015/05/14,2015/05/14
KAR6607,2,2015/09/10,2015/09/10
KAT0233,1,2015/07/27,2015/07/27
KAT2339,1,2015/09/02,2015/09/02
KAT2643,2,2015/08/09,2015/08/09
KAT5086,3,2015/09/09,2015/09/09
KAU5355,1,2015/06/23,2015/06/23
KAV6149,2,2015/08/04,2015/08/04
KHA6443,1,2015/03/23,2015/03/23
KHA7163,2,2015/03/22,2015/03/22
KHU3942,2,2015/08/13,2015/08/13
KHU4439,1,2015/08/12,2015/08/12
KHU8937,2,2015/08/12,2015/08/12
KNI0170,5,2015/08/06,2015/08/06
KNI1816,7,2015/08/06,2015/08/06
KNI5227,12,2015/08/06,2015/08/06
KNI8134,2,2015/08/15,2015/08/15
KOR0294,1,2015/07/24,2015/07/24
KOT5764,1,2015/06/30,2015/06/30
KRA4098,72,2015/06/17,2015/06/17
KRA4489,9,2015/06/07,2015/06/07
KRI1804,1,2015/09/08,2015/09/08
KUM1134,1,2015/07/25,2015/07/25
KUM1713,7,2015/07/17,2015/07/17
KUM6205,1,2015/05/06,2015/05/06
KUM9083,2,2015/07/10,2015/07/10
KUM9892,1,2015/07/25,2015/07/25
LAK6349,4,2015/06/17,2015/06/17
LAN5810,2,2015/08/10,2015/08/10
LAN9959,1,2015/07/23,2015/07/23
LAT2346,4,2015/07/05,2015/07/05
LEO7289,30,2015/09/09,2015/09/09
LIN3975,1,2015/09/02,2015/09/02
LLO9252,8,2015/09/08,2015/09/08
MAD3417,1,2015/09/08,2015/09/08
MAD5371,1,2015/09/03,2015/09/03
MAD9134,5,2015/09/08,2015/09/08
MAH2287,3,2015/07/18,2015/07/18
MAH2636,26,2015/07/26,2015/07/26
MAH4727,3,2015/04/16,2015/04/16
MAH5560,1,2015/06/29,2015/06/29
MAH5727,2,2015/09/12,2015/09/12
MAH6826,2,2015/06/15,2015/06/15
MAH7981,4,2015/09/12,2015/09/12
MAH9376,4,2015/07/14,2015/07/14
MAH9975,2,2015/09/12,2015/09/12
MAL5319,1,2015/09/13,2015/09/13
MAS0532,20,2015/09/07,2015/09/07
MAS3600,18,2015/08/25,2015/08/25
MAS7644,11,2015/09/02,2015/09/02
MAS8213,4,2015/08/28,2015/08/28
MAS9279,1,2015/06/27,2015/06/27
MAY8582,1,2015/07/30,2015/07/30
MEE2330,2,2015/08/25,2015/08/25
MEG7654,1,2015/08/23,2015/08/23
MEH4730,2,2015/09/10,2015/09/10
MEH4772,1,2015/08/15,2015/08/15
MEH6212,129,2015/08/30,2015/08/30
MEH6362,3,2015/08/29,2015/08/29
MEH8582,2,2015/09/02,2015/09/02
MIN2120,1,2015/04/06,2015/04/06
MIN2954,16,2015/09/13,2015/09/13
MIN4546,17,2015/09/13,2015/09/13
MIN7228,1,2015/09/08,2015/09/08
MIN8580,15,2015/09/13,2015/09/13
MIN8992,13,2015/09/03,2015/09/03
MIR2554,45,2015/09/11,2015/09/11
MIS1789,1,2015/07/29,2015/07/29
MIS3428,4,2015/04/21,2015/04/21
MIT0559,1,2015/09/06,2015/09/06
MIT6306,1,2015/09/06,2015/09/06
MIT6647,2,2015/09/06,2015/09/06
MIT9044,1,2015/09/03,2015/09/03
MOH7981,1,2015/08/21,2015/08/21
MON6770,1,2015/08/29,2015/08/29
MON8362,1,2015/07/03,2015/07/03
MOR3022,75,2015/08/22,2015/08/22
MRB4945,2,2015/09/07,2015/09/07
MRB9419,5,2015/09/07,2015/09/07
MRJ6843,1,2015/08/28,2015/08/28
MRP3022,1,2015/09/08,2015/09/08
MRS2204,1,2015/09/10,2015/09/10
MSS9752,1,2015/08/14,2015/08/14
MUD6577,1,2015/09/04,2015/09/04
MUH7229,1,2015/08/21,2015/08/21
MUK3515,1,2015/07/05,2015/07/05
MUK6866,1,2015/07/08,2015/07/08
MUS6865,3,2015/08/29,2015/08/29
MYR9182,6,2015/09/09,2015/09/09
NAG4163,2,2015/06/19,2015/06/19
NAG9019,1,2015/07/02,2015/07/02
NAI0681,1,2015/06/03,2015/06/03
NAI8822,1,2015/07/25,2015/07/25
NAJ2830,2,2015/09/06,2015/09/06
NAL2073,2,2015/08/11,2015/08/11
NAN6355,2,2015/09/10,2015/09/10
NAT6905,3,2015/06/06,2015/06/06
NEH5354,2,2015/08/28,2015/08/28
NFI4489,27,2015/05/19,2015/05/19
NIT3820,2,2015/06/21,2015/06/21
NIT6182,1,2015/07/09,2015/07/09
NIV5147,11,2015/09/10,2015/09/10
NUR1974,2,2015/07/15,2015/07/15
OMK1665,1,2015/09/10,2015/09/10
OMK4182,10,2015/09/07,2015/09/07
OMK4690,105,2015/09/11,2015/09/11
OMK4837,6,2015/09/07,2015/09/07
OMK5368,7,2015/09/10,2015/09/10
OMK5930,19,2015/09/09,2015/09/09
OMK6016,44,2015/09/08,2015/09/08
OMK7394,47,2015/09/07,2015/09/07
OMK8509,16,2015/09/08,2015/09/08
OMK9440,4,2015/09/07,2015/09/07
OMK9621,125,2015/09/11,2015/09/11
PAD2522,2,2015/07/17,2015/07/17
PAL7345,3,2015/06/29,2015/06/29
PAM0476,1,2015/08/25,2015/08/25
PAN3483,1,2015/08/05,2015/08/05
PAN3753,2,2015/06/06,2015/06/06
PAN9363,1,2015/07/01,2015/07/01
PAR0389,1,2015/04/06,2015/04/06
PAR6707,2,2015/07/29,2015/07/29
PAT0104,1,2015/08/04,2015/08/04
PAT5656,1,2015/07/24,2015/07/24
PAW6781,3,2015/09/09,2015/09/09
PAW6975,1,2015/04/27,2015/04/27
PAY3122,2,2015/08/24,2015/08/24
PER8169,2,2015/08/04,2015/08/04
PER9786,63,2015/09/11,2015/09/11
PHY0416,1,2015/04/12,2015/04/12
PHY8001,1,2015/05/16,2015/05/16
PJ.0307,3,2015/04/24,2015/04/24
POO7456,1,2015/09/08,2015/09/08
POO9130,1,2015/09/07,2015/09/07
PRA0218,1,2015/03/24,2015/03/24
PRA0866,1,2015/08/11,2015/08/11
PRA1656,1,2015/09/06,2015/09/06
PRA6200,2,2015/08/31,2015/08/31
PRA7283,5,2015/09/13,2015/09/13
PRA7869,1,2015/04/22,2015/04/22
PRA7921,3,2015/06/27,2015/06/27
PRA8403,1,2015/09/13,2015/09/13
PRA8445,2,2015/04/29,2015/04/29
PRE6966,2,2015/05/05,2015/05/05
PRI4567,1,2015/07/31,2015/07/31
QUR0947,1,2015/07/02,2015/07/02
RAD0689,1,2015/08/06,2015/08/06
RAD6942,5,2015/09/05,2015/09/05
RAH2302,2,2015/04/15,2015/04/15
RAH6929,1,2015/04/14,2015/04/14
RAH8329,2,2015/07/04,2015/07/04
RAJ0824,1,2015/07/19,2015/07/19
RAJ2289,11,2015/09/11,2015/09/11
RAJ2553,1,2015/07/01,2015/07/01
RAJ7066,8,2015/08/09,2015/08/09
RAJ7645,1,2015/08/26,2015/08/26
RAM1313,4,2015/07/20,2015/07/20
RAM1531,4,2015/05/24,2015/05/24
RAM2842,1,2015/09/11,2015/09/11
RAN2930,1,2015/07/05,2015/07/05
RAN3983,2,2015/08/24,2015/08/24
RAN6182,4,2015/08/24,2015/08/24
RAN6976,6,2015/08/24,2015/08/24
RAN7480,1,2015/06/30,2015/06/30
RAS8460,35,2015/09/11,2015/09/11
RAV3005,1,2015/06/02,2015/06/02
RAV5120,3,2015/09/11,2015/09/11
RAV7104,3,2015/06/10,2015/06/10
RAV8687,8,2015/04/14,2015/04/14
RAZ2057,2,2015/08/14,2015/08/14
RED8759,1,2015/06/18,2015/06/18
RID2316,1,2015/08/31,2015/08/31
RIS5335,3,2015/08/22,2015/08/22
RIS8306,4,2015/07/16,2015/07/16
RIT5293,1,2015/09/05,2015/09/05
RIT6013,2,2015/05/06,2015/05/06
ROB2752,2,2015/09/07,2015/09/07
ROB6330,1,2015/09/06,2015/09/06
ROH0346,3,2015/05/04,2015/05/04
ROH9053,7,2015/08/31,2015/08/31
ROS3427,1,2015/08/31,2015/08/31
RUT7279,2,2015/08/03,2015/08/03
SAB2361,6,2015/09/10,2015/09/10
SAB4307,6,2015/09/02,2015/09/02
SAB4974,4,2015/09/10,2015/09/10
SAF4144,2,2015/08/18,2015/08/18
SAF4841,2,2015/08/18,2015/08/18
SAH3454,2,2015/09/07,2015/09/07
SAH8994,1,2015/07/04,2015/07/04
SAI5313,1,2015/06/19,2015/06/19
SAI5453,1,2015/07/24,2015/07/24
SAI8088,1,2015/04/22,2015/04/22
SAK2487,2,2015/08/26,2015/08/26
SAK6093,16,2015/08/04,2015/08/04
SAK7315,15,2015/08/04,2015/08/04
SAL4137,3,2015/09/08,2015/09/08
SAM1114,1,2015/07/03,2015/07/03
SAM8982,3,2015/06/01,2015/06/01
SAN1931,1,2015/08/19,2015/08/19
SAN3346,2,2015/08/05,2015/08/05
SAN5079,1,2015/05/19,2015/05/19
SAN6617,2,2015/06/18,2015/06/18
SAR0763,3,2015/08/01,2015/08/01
SAR6240,1,2015/08/15,2015/08/15
SAT4216,1,2015/08/06,2015/08/06
SAU1544,1,2015/04/26,2015/04/26
SAU5966,3,2015/04/12,2015/04/12
SAU6697,6,2015/07/30,2015/07/30
SAU8565,1,2015/07/31,2015/07/31
SAW5386,1,2015/07/16,2015/07/16
SAY8597,1,2015/09/05,2015/09/05
SCI1342,4,2015/08/16,2015/08/16
SCI6229,3,2015/09/11,2015/09/11
SCI7597,2,2015/09/01,2015/09/01
SEE6366,1,2015/04/08,2015/04/08
SEE8292,2,2015/07/30,2015/07/30
SER2852,1,2015/09/02,2015/09/02
SET2810,19,2015/09/10,2015/09/10
SET8649,41,2015/09/10,2015/09/10
SET9858,40,2015/09/10,2015/09/10
SHA0057,1,2015/07/28,2015/07/28
SHA0946,2,2015/07/11,2015/07/11
SHA1186,2,2015/07/31,2015/07/31
SHA1302,1,2015/08/08,2015/08/08
SHA1442,2,2015/06/24,2015/06/24
SHA1757,173,2015/09/11,2015/09/11
SHA2820,1,2015/08/27,2015/08/27
SHA3978,1,2015/08/15,2015/08/15
SHA4134,1,2015/03/25,2015/03/25
SHA5574,3,2015/09/08,2015/09/08
SHA6217,1,2015/08/17,2015/08/17
SHA9459,1,2015/07/31,2015/07/31
SHE7879,1,2015/08/20,2015/08/20
SHE8277,2,2015/07/25,2015/07/25
SHI0637,1,2015/07/23,2015/07/23
SHI0687,1,2015/07/21,2015/07/21
SHI3219,3,2015/09/10,2015/09/10
SHI3256,2,2015/06/27,2015/06/27
SHI3639,1,2015/08/23,2015/08/23
SHI8287,1,2015/08/01,2015/08/01
SHI8587,3,2015/09/06,2015/09/06
SHI9051,1,2015/09/13,2015/09/13
SHI9892,1,2015/06/28,2015/06/28
SHO0062,1,2015/09/05,2015/09/05
SHO8572,2,2015/08/19,2015/08/19
SHR3370,2,2015/07/19,2015/07/19
SHR6733,1,2015/08/03,2015/08/03
SHU0671,5,2015/07/14,2015/07/14
SID1831,1,2015/07/03,2015/07/03
SID2805,3,2015/06/18,2015/06/18
SID3189,1,2015/06/17,2015/06/17
SID5162,1,2015/06/18,2015/06/18
SID5908,2,2015/07/02,2015/07/02
SID6697,1,2015/06/12,2015/06/12
SID9390,1,2015/06/23,2015/06/23
SID9784,1,2015/07/02,2015/07/02
SIN6633,2,2015/07/25,2015/07/25
SIN6984,8,2015/07/12,2015/07/12
SIN8073,1,2015/08/03,2015/08/03
SIN9553,4,2015/09/11,2015/09/11
SIR1176,2,2015/09/12,2015/09/12
SIR1667,1,2015/06/22,2015/06/22
SIR5541,3,2015/09/12,2015/09/12
SIR5768,4,2015/09/12,2015/09/12
SIR7308,1,2015/09/12,2015/09/12
SIR7463,5,2015/09/12,2015/09/12
SIS9840,4,2015/07/31,2015/07/31
SJH1518,4,2015/04/25,2015/04/25
SNE9668,1,2015/09/09,2015/09/09
SON2310,2,2015/03/25,2015/03/25
SON6018,1,2015/07/22,2015/07/22
SON8153,5,2015/06/25,2015/06/25
SRE1201,4,2015/09/09,2015/09/09
SRI2405,426,2015/08/28,2015/08/28
SRI3545,6,2015/08/11,2015/08/11
SRI4962,3,2015/08/17,2015/08/17
SRI5391,352,2015/08/28,2015/08/28
SRI9145,29,2015/07/28,2015/07/28
STA3878,1,2015/08/26,2015/08/26
SUB7870,1,2015/08/10,2015/08/10
SUD1011,4,2015/08/06,2015/08/06
SUD3602,6,2015/08/06,2015/08/06
SUH2242,1,2015/08/24,2015/08/24
SUH2249,2,2015/08/24,2015/08/24
SUJ7144,3,2015/08/06,2015/08/06
SUJ8674,1,2015/04/27,2015/04/27
SUM3206,2,2015/09/12,2015/09/12
SUN1270,1,2015/07/19,2015/07/19
SUN6270,5,2015/06/10,2015/06/10
SUN6700,1,2015/03/26,2015/03/26
SUR4098,1,2015/07/17,2015/07/17
SUR6913,4,2015/07/16,2015/07/16
SWA2777,1,2015/08/28,2015/08/28
SWA5202,2,2015/08/29,2015/08/29
SWA7452,1,2015/08/25,2015/08/25
SWA7550,1,2015/08/26,2015/08/26
SWA8446,4,2015/09/10,2015/09/10
SYE0346,1,2015/08/26,2015/08/26
TAM1118,1,2015/04/24,2015/04/24
TAM7715,1,2015/04/11,2015/04/11
TAN6859,1,2015/04/06,2015/04/06
TAS6996,8,2015/08/20,2015/08/20
TEA1023,2,2015/08/05,2015/08/05
TEA1423,4,2015/08/06,2015/08/06
TEA6915,2,2015/08/05,2015/08/05
TEA9269,1,2015/08/05,2015/08/05
TEC1475,2,2015/07/18,2015/07/18
TEC9210,1,2015/07/18,2015/07/18
THA2971,1,2015/07/25,2015/07/25
THI8627,3,2015/06/02,2015/06/02
TOO2770,1,2015/08/27,2015/08/27
TRA1274,4,2015/08/05,2015/08/05
TRA3891,10,2015/08/24,2015/08/24
TRA4342,4,2015/09/07,2015/09/07
TRA4884,6,2015/08/24,2015/08/24
TRA5293,2,2015/08/05,2015/08/05
TRA5562,7,2015/09/09,2015/09/09
TRI8038,2,2015/07/08,2015/07/08
TS10013,1,2015/07/22,2015/07/22
TS10193,28,2015/09/11,2015/09/11
TS10363,32,2015/09/09,2015/09/09
TS10519,4,2015/01/26,2015/01/26
TS10710,29,2015/09/12,2015/09/12
TS11054,2,2015/08/24,2015/08/24
TS11172,1,2015/07/17,2015/07/17
TS11200,4,2015/08/28,2015/08/28
TS11311,2,2015/03/09,2015/03/09
TS11401,1,2015/07/23,2015/07/23
TS11483,1,2015/07/20,2015/07/20
TS11581,2,2015/09/12,2015/09/12
TS11961,3,2015/08/19,2015/08/19
TS12328,86,2015/02/24,2015/02/24
TS12346,3,2015/02/16,2015/02/16
TS12702,5,2015/09/12,2015/09/12
TS13449,2,2015/07/22,2015/07/22
TS13514,1,2014/12/16,2014/12/16
TS13756,1,2015/07/16,2015/07/16
TS13950,1,2015/09/11,2015/09/11
TS14160,7,2015/08/19,2015/08/19
TS14263,6,2015/09/12,2015/09/12
TS14334,27,2015/09/12,2015/09/12
TS14346,3,2015/09/12,2015/09/12
TS14681,1,2015/08/03,2015/08/03
TS14825,7,2015/09/12,2015/09/12
TS14948,1,2015/09/03,2015/09/03
TS15002,1,2015/01/30,2015/01/30
TS15333,4,2015/08/08,2015/08/08
TS15547,1,2015/03/25,2015/03/25
TS15927,1,2015/07/21,2015/07/21
TS16060,1,2015/05/05,2015/05/05
TS16671,1,2015/03/20,2015/03/20
TS16750,1,2015/04/01,2015/04/01
TS16793,1,2015/07/28,2015/07/28
TS16869,2,2015/07/14,2015/07/14
TS17284,1,2015/03/22,2015/03/22
TS17318,1,2015/07/03,2015/07/03
TS17528,7,2015/09/11,2015/09/11
TS17871,4,2015/09/11,2015/09/11
TS18196,28,2015/09/12,2015/09/12
TS18300,27,2015/09/12,2015/09/12
TS18304,3,2015/08/11,2015/08/11
TS18373,42,2015/09/11,2015/09/11
TS18434,1,2014/11/15,2014/11/15
TS18677,1,2015/09/04,2015/09/04
TS19090,1,2015/04/02,2015/04/02
TS19469,1,2015/04/04,2015/04/04
TS19532,1,2015/05/18,2015/05/18
TS19584,1,2015/04/13,2015/04/13
TS19789,1,2015/01/07,2015/01/07
TS20182,78,2015/02/24,2015/02/24
TS20191,1,2015/05/07,2015/05/07
TS20301,73,2015/02/24,2015/02/24
TS20306,1,2015/04/07,2015/04/07
TS20344,2,2015/05/20,2015/05/20
TS20949,3,2015/09/12,2015/09/12
TS21096,1,2015/08/07,2015/08/07
TS21197,5,2015/09/11,2015/09/11
TS22627,4,2015/02/03,2015/02/03
TS23101,1,2015/07/03,2015/07/03
TS23253,14,2015/09/12,2015/09/12
TS23277,1,2015/08/11,2015/08/11
TS23297,1,2015/01/25,2015/01/25
TS23411,7,2015/02/21,2015/02/21
TS23870,27,2015/09/12,2015/09/12
TS23971,8,2015/09/10,2015/09/10
TS24070,1,2015/03/13,2015/03/13
TS24133,1,2015/08/04,2015/08/04
TS24182,46,2015/09/12,2015/09/12
TS24207,1,2015/09/08,2015/09/08
TS24688,1,2014/11/12,2014/11/12
TS24706,1,2015/08/17,2015/08/17
TS24907,2,2015/08/27,2015/08/27
TS24950,1,2015/07/17,2015/07/17
TS25197,31,2015/09/12,2015/09/12
TS25663,6,2015/09/11,2015/09/11
TS25891,1,2015/09/04,2015/09/04
TS25894,1,2015/08/12,2015/08/12
TS26127,1,2015/01/30,2015/01/30
TS26227,1,2015/07/17,2015/07/17
TS26255,2,2015/07/11,2015/07/11
TS26575,3,2015/02/25,2015/02/25
TS26754,5,2015/05/23,2015/05/23
TS26897,1,2015/07/24,2015/07/24
TS27002,2,2015/07/30,2015/07/30
TS27129,1,2015/07/17,2015/07/17
TS27154,9,2015/09/10,2015/09/10
TS27259,8,2015/09/11,2015/09/11
TS27687,4,2015/02/01,2015/02/01
TS27953,9,2015/05/01,2015/05/01
TS28095,7,2015/09/09,2015/09/09
TS28132,5,2015/09/11,2015/09/11
TS28398,2,2015/06/27,2015/06/27
TS29034,1,2014/12/28,2014/12/28
TS29107,1,2014/10/06,2014/10/06
TS29909,49,2015/09/12,2015/09/12
TS30229,2,2015/02/19,2015/02/19
TS30250,2,2015/09/10,2015/09/10
TS30585,8,2015/09/11,2015/09/11
TS30625,5,2015/09/12,2015/09/12
TS30653,81,2015/02/24,2015/02/24
TS30859,2,2014/10/29,2014/10/29
TS31428,1,2015/09/02,2015/09/02
TS31435,1,2015/08/03,2015/08/03
TS31658,2,2015/04/06,2015/04/06
TS31723,1,2015/03/16,2015/03/16
TS31774,38,2015/09/12,2015/09/12
TS32061,2,2015/01/30,2015/01/30
TS32105,3,2015/09/11,2015/09/11
TS32231,102,2015/09/12,2015/09/12
TS32512,1,2015/04/07,2015/04/07
TS32578,30,2015/09/12,2015/09/12
TS32699,1,2015/07/10,2015/07/10
TS32815,28,2015/09/12,2015/09/12
TS32836,1,2015/07/24,2015/07/24
TS33425,2,2014/08/26,2014/08/26
TS33637,3,2015/08/07,2015/08/07
TS33749,74,2015/02/26,2015/02/26
TS33863,3,2015/04/11,2015/04/11
TS33901,5,2015/09/12,2015/09/12
TS34228,2,2015/01/28,2015/01/28
TS34480,4,2015/09/12,2015/09/12
TS35009,1,2015/07/25,2015/07/25
TS35484,1,2015/01/23,2015/01/23
TS35495,1,2015/08/01,2015/08/01
TS35967,1,2015/01/06,2015/01/06
TS36241,1,2015/06/01,2015/06/01
TS36243,42,2015/09/12,2015/09/12
TS36302,70,2015/02/24,2015/02/24
TS36377,4,2015/02/27,2015/02/27
TS36641,4,2015/01/21,2015/01/21
TS37121,6,2015/04/30,2015/04/30
TS37241,1,2015/02/17,2015/02/17
TS37316,5,2015/09/10,2015/09/10
TS37625,1,2015/01/23,2015/01/23
TS37786,3,2015/02/07,2015/02/07
TS38200,1,2015/03/09,2015/03/09
TS38282,6,2015/07/16,2015/07/16
TS38324,48,2015/09/12,2015/09/12
TS38392,2,2015/02/23,2015/02/23
TS38409,7,2015/06/17,2015/06/17
TS38617,5,2015/09/12,2015/09/12
TS38787,1,2015/01/29,2015/01/29
TS38815,6,2015/02/12,2015/02/12
TS38928,1,2015/09/02,2015/09/02
TS39102,6,2015/09/12,2015/09/12
TS39109,1,2015/09/08,2015/09/08
TS39165,4,2015/09/12,2015/09/12
TS39194,1,2015/03/24,2015/03/24
TS39870,1,2015/07/02,2015/07/02
TS40260,1,2015/07/17,2015/07/17
TS40677,2,2015/06/26,2015/06/26
TS40916,90,2015/02/24,2015/02/24
TS41102,2,2015/05/05,2015/05/05
TS41205,2,2015/03/05,2015/03/05
TS41324,1,2015/07/24,2015/07/24
TS41360,12,2015/05/13,2015/05/13
TS41474,4,2015/02/27,2015/02/27
TS41784,3,2015/09/11,2015/09/11
TS41965,1,2014/12/16,2014/12/16
TS42228,1,2015/08/04,2015/08/04
TS42238,7,2015/09/12,2015/09/12
TS42545,1,2015/08/24,2015/08/24
TS42662,3,2015/08/19,2015/08/19
TS42815,4,2014/11/22,2014/11/22
TS42952,1,2014/10/01,2014/10/01
TS43034,1,2015/03/24,2015/03/24
TS43130,1,2015/06/27,2015/06/27
TS43133,8,2015/09/12,2015/09/12
TS44776,4,2015/09/12,2015/09/12
TS45219,2,2015/02/26,2015/02/26
TS45240,32,2015/09/12,2015/09/12
TS45312,1,2015/01/24,2015/01/24
TS45399,5,2015/09/13,2015/09/13
TS45426,5,2015/08/26,2015/08/26
TS45543,1,2014/07/19,2014/07/19
TS45604,9,2015/09/09,2015/09/09
TS45651,2,2015/02/06,2015/02/06
TS45863,1,2015/03/13,2015/03/13
TS46145,5,2015/02/05,2015/02/05
TS46539,1,2015/09/04,2015/09/04
TS46832,3,2015/09/12,2015/09/12
TS47066,28,2015/09/11,2015/09/11
TS47092,2,2015/04/09,2015/04/09
TS47203,5,2015/09/12,2015/09/12
TS47436,6,2015/09/11,2015/09/11
TS47485,5,2015/06/24,2015/06/24
TS47664,13,2015/09/10,2015/09/10
TS48051,37,2015/09/12,2015/09/12
TS48123,2,2014/12/25,2014/12/25
TS48256,1,2015/08/11,2015/08/11
TS48578,28,2015/09/12,2015/09/12
TS48799,1,2015/03/16,2015/03/16
TS48903,10,2015/03/04,2015/03/04
TS49501,41,2015/09/11,2015/09/11
TS49732,48,2015/09/11,2015/09/11
TS49905,6,2015/09/11,2015/09/11
TS50446,1,2015/01/23,2015/01/23
TS50838,1,2015/01/07,2015/01/07
TS51088,1,2015/04/15,2015/04/15
TS51851,1,2015/04/14,2015/04/14
TS51999,1,2015/07/30,2015/07/30
TS52034,38,2015/09/11,2015/09/11
TS52099,3,2015/09/12,2015/09/12
TS52117,2,2015/08/24,2015/08/24
TS52681,1,2015/07/24,2015/07/24
TS52933,43,2015/09/11,2015/09/11
TS53042,3,2015/02/05,2015/02/05
TS53208,25,2015/09/09,2015/09/09
TS53252,1,2015/07/14,2015/07/14
TS54389,54,2015/09/12,2015/09/12
TS54494,6,2015/04/29,2015/04/29
TS54710,8,2015/09/12,2015/09/12
TS54912,180,2015/08/23,2015/08/23
TS54916,9,2015/03/11,2015/03/11
TS54935,1,2015/02/24,2015/02/24
TS55149,6,2015/08/28,2015/08/28
TS55331,1,2015/04/06,2015/04/06
TS55393,3,2015/07/17,2015/07/17
TS55512,3,2015/02/15,2015/02/15
TS55533,45,2015/09/11,2015/09/11
TS55971,1,2015/09/04,2015/09/04
TS55975,4,2015/07/14,2015/07/14
TS56009,46,2015/09/12,2015/09/12
TS56145,1,2015/01/31,2015/01/31
TS56271,42,2015/09/12,2015/09/12
TS56293,15,2015/09/11,2015/09/11
TS56385,1,2015/05/08,2015/05/08
TS56424,1,2015/07/20,2015/07/20
TS56426,3,2015/07/11,2015/07/11
TS56468,2,2015/07/23,2015/07/23
TS56735,40,2015/09/12,2015/09/12
TS56869,8,2015/03/17,2015/03/17
TS56872,1,2015/07/27,2015/07/27
TS57288,7,2015/09/12,2015/09/12
TS58116,1,2015/07/17,2015/07/17
TS58256,3,2014/07/19,2014/07/19
TS58289,1,2015/07/25,2015/07/25
TS58310,2,2015/07/18,2015/07/18
TS59258,34,2015/08/28,2015/08/28
TS59469,1,2015/07/17,2015/07/17
TS59516,1,2015/03/24,2015/03/24
TS60146,38,2015/09/12,2015/09/12
TS60147,1,2015/09/01,2015/09/01
TS60149,1,2015/02/25,2015/02/25
TS60372,34,2015/09/12,2015/09/12
TS60562,46,2015/09/11,2015/09/11
TS60833,1,2015/04/08,2015/04/08
TS60870,9,2015/08/31,2015/08/31
TS61092,10,2015/05/02,2015/05/02
TS61291,2,2015/03/18,2015/03/18
TS61454,2,2015/01/23,2015/01/23
TS61644,6,2015/09/12,2015/09/12
TS61928,1,2015/08/28,2015/08/28
TS63172,2,2015/07/17,2015/07/17
TS63608,2,2014/10/05,2014/10/05
TS63662,2,2015/04/09,2015/04/09
TS63693,2,2015/07/08,2015/07/08
TS63841,8,2015/09/04,2015/09/04
TS63985,30,2015/09/11,2015/09/11
TS64683,1,2015/03/27,2015/03/27
TS64706,2,2015/01/24,2015/01/24
TS64788,1,2015/02/17,2015/02/17
TS64974,28,2015/09/12,2015/09/12
TS65123,6,2015/06/26,2015/06/26
TS65160,1,2015/05/07,2015/05/07
TS65200,3,2015/09/12,2015/09/12
TS65308,1,2015/08/24,2015/08/24
TS65344,4,2015/09/12,2015/09/12
TS65364,1,2015/06/13,2015/06/13
TS65392,3,2015/02/27,2015/02/27
TS65429,54,2015/09/12,2015/09/12
TS65436,11,2015/08/31,2015/08/31
TS65660,1,2015/09/04,2015/09/04
TS65691,6,2015/09/12,2015/09/12
TS65923,23,2015/08/24,2015/08/24
TS66004,1,2015/07/29,2015/07/29
TS66582,1,2015/07/17,2015/07/17
TS66647,2,2015/07/06,2015/07/06
TS66700,1,2015/06/24,2015/06/24
TS66706,1,2015/08/11,2015/08/11
TS66833,1,2015/02/17,2015/02/17
TS66962,1,2015/02/14,2015/02/14
TS67318,1,2015/07/24,2015/07/24
TS67417,31,2015/09/12,2015/09/12
TS67463,1,2015/07/10,2015/07/10
TS67504,1,2015/09/04,2015/09/04
TS67579,1,2015/02/27,2015/02/27
TS67742,5,2015/09/12,2015/09/12
TS68344,5,2015/09/11,2015/09/11
TS68763,2,2015/02/24,2015/02/24
TS69254,29,2015/09/11,2015/09/11
TS69286,1,2015/07/14,2015/07/14
TS69292,49,2015/02/24,2015/02/24
TS69325,4,2015/09/12,2015/09/12
TS69440,8,2015/09/04,2015/09/04
TS69591,2,2015/03/19,2015/03/19
TS70107,9,2015/05/01,2015/05/01
TS70314,5,2015/09/11,2015/09/11
TS70716,2,2015/08/28,2015/08/28
TS70785,14,2015/09/10,2015/09/10
TS71061,1,2015/07/22,2015/07/22
TS71146,2,2015/03/16,2015/03/16
TS71450,1,2015/09/04,2015/09/04
TS71610,6,2015/09/04,2015/09/04
TS71661,1,2014/10/05,2014/10/05
TS71911,3,2015/09/04,2015/09/04
TS71964,2,2014/12/21,2014/12/21
TS72248,2,2015/08/14,2015/08/14
TS72293,1,2015/09/02,2015/09/02
TS72711,1,2015/07/02,2015/07/02
TS72866,3,2015/09/12,2015/09/12
TS72890,3,2015/09/12,2015/09/12
TS73211,3,2015/07/30,2015/07/30
TS73350,1,2015/07/25,2015/07/25
TS73369,16,2015/09/10,2015/09/10
TS73415,7,2015/09/12,2015/09/12
TS73512,1,2015/08/10,2015/08/10
TS73566,1,2015/04/09,2015/04/09
TS73976,5,2015/09/12,2015/09/12
TS74389,1,2015/07/01,2015/07/01
TS74516,1,2015/06/27,2015/06/27
TS74524,7,2015/07/28,2015/07/28
TS74653,1,2015/01/07,2015/01/07
TS74734,1,2015/01/27,2015/01/27
TS74765,3,2015/04/06,2015/04/06
TS74821,27,2015/09/11,2015/09/11
TS74873,1,2015/07/17,2015/07/17
TS74935,3,2015/09/12,2015/09/12
TS75059,101,2015/04/06,2015/04/06
TS75768,8,2015/08/31,2015/08/31
TS75787,61,2015/09/12,2015/09/12
TS75968,1,2015/08/26,2015/08/26
TS76296,1,2015/07/28,2015/07/28
TS76425,5,2015/08/31,2015/08/31
TS76470,1,2014/10/11,2014/10/11
TS76519,42,2015/09/12,2015/09/12
TS76932,3,2014/11/20,2014/11/20
TS77131,6,2015/09/11,2015/09/11
TS77314,3,2015/09/12,2015/09/12
TS77999,88,2015/02/25,2015/02/25
TS78302,1,2015/07/01,2015/07/01
TS78388,3,2015/09/12,2015/09/12
TS78395,1,2015/08/17,2015/08/17
TS78458,1,2015/07/23,2015/07/23
TS78574,1,2015/04/28,2015/04/28
TS78645,29,2015/09/11,2015/09/11
TS78872,7,2015/02/17,2015/02/17
TS79074,28,2015/09/11,2015/09/11
TS79409,1,2015/02/03,2015/02/03
TS79757,2,2015/09/02,2015/09/02
TS79762,2,2015/01/23,2015/01/23
TS79869,2,2015/01/04,2015/01/04
TS79966,1,2015/09/06,2015/09/06
TS80529,77,2015/02/24,2015/02/24
TS81091,4,2015/08/07,2015/08/07
TS81114,38,2015/09/08,2015/09/08
TS81244,8,2015/09/10,2015/09/10
TS81296,1,2015/03/07,2015/03/07
TS81449,2,2015/04/24,2015/04/24
TS81453,40,2015/09/12,2015/09/12
TS81846,1,2015/04/22,2015/04/22
TS82236,1,2015/07/21,2015/07/21
TS82520,1,2015/01/24,2015/01/24
TS82815,1,2015/07/06,2015/07/06
TS82955,1,2015/06/08,2015/06/08
TS83642,68,2015/02/24,2015/02/24
TS83915,2,2015/02/24,2015/02/24
TS83960,25,2015/03/25,2015/03/25
TS84010,1,2015/01/07,2015/01/07
TS84048,1,2015/07/02,2015/07/02
TS84071,36,2015/09/09,2015/09/09
TS84193,8,2015/09/04,2015/09/04
TS84365,1,2015/08/07,2015/08/07
TS84666,5,2015/08/31,2015/08/31
TS84703,9,2015/09/09,2015/09/09
TS84791,6,2015/01/31,2015/01/31
TS84968,1,2015/09/02,2015/09/02
TS85243,32,2015/09/12,2015/09/12
TS85282,5,2015/09/12,2015/09/12
TS85324,1,2014/10/18,2014/10/18
TS85491,1,2014/07/19,2014/07/19
TS85986,8,2015/08/13,2015/08/13
TS86055,1,2015/08/17,2015/08/17
TS86235,1,2015/01/10,2015/01/10
TS86545,5,2015/03/26,2015/03/26
TS86772,1,2015/09/03,2015/09/03
TS86863,7,2015/02/14,2015/02/14
TS87063,15,2015/09/10,2015/09/10
TS87206,5,2015/09/12,2015/09/12
TS87261,1,2015/08/19,2015/08/19
TS87827,2,2015/04/09,2015/04/09
TS87955,55,2015/09/04,2015/09/04
TS88333,5,2015/07/02,2015/07/02
TS88635,3,2015/06/24,2015/06/24
TS88694,2,2015/02/06,2015/02/06
TS88969,1,2015/08/17,2015/08/17
TS89061,1,2015/03/25,2015/03/25
TS89178,2,2015/04/14,2015/04/14
TS89337,8,2015/09/11,2015/09/11
TS89842,1,2015/09/12,2015/09/12
TS89874,42,2015/09/11,2015/09/11
TS90018,1,2015/08/04,2015/08/04
TS90077,38,2015/09/11,2015/09/11
TS90457,1,2015/04/29,2015/04/29
TS90754,3,2015/07/20,2015/07/20
TS90853,1,2015/07/30,2015/07/30
TS91073,1,2014/10/08,2014/10/08
TS91079,1,2015/04/17,2015/04/17
TS91374,1,2015/06/24,2015/06/24
TS91465,1,2015/07/23,2015/07/23
TS91472,1,2015/09/11,2015/09/11
TS91684,2,2015/08/24,2015/08/24
TS92055,1,2015/02/05,2015/02/05
TS92092,32,2015/09/12,2015/09/12
TS92100,2,2015/07/01,2015/07/01
TS92510,6,2015/09/12,2015/09/12
TS92569,27,2015/09/12,2015/09/12
TS92799,2,2015/04/06,2015/04/06
TS93325,6,2015/09/04,2015/09/04
TS93428,1,2015/02/10,2015/02/10
TS93764,42,2015/02/24,2015/02/24
TS93775,8,2015/08/28,2015/08/28
TS93986,8,2015/09/04,2015/09/04
TS94556,1,2015/09/12,2015/09/12
TS94657,1,2015/07/29,2015/07/29
TS95404,1,2015/01/15,2015/01/15
TS95465,3,2015/02/28,2015/02/28
TS95512,63,2015/08/14,2015/08/14
TS95662,3,2015/01/27,2015/01/27
TS95686,78,2015/02/24,2015/02/24
TS95751,28,2015/09/12,2015/09/12
TS95949,9,2015/05/01,2015/05/01
TS96302,33,2015/09/12,2015/09/12
TS96556,2,2015/08/19,2015/08/19
TS96874,8,2015/09/12,2015/09/12
TS96974,1,2015/01/23,2015/01/23
TS97080,1,2015/04/08,2015/04/08
TS97352,1,2015/07/17,2015/07/17
TS97544,7,2015/09/12,2015/09/12
TS97608,13,2015/09/10,2015/09/10
TS97736,1,2015/09/04,2015/09/04
TS98014,21,2015/08/24,2015/08/24
TS98062,6,2015/09/12,2015/09/12
TS98066,8,2015/09/04,2015/09/04
TS98261,1,2015/01/31,2015/01/31
TS98329,1,2015/01/27,2015/01/27
TS98348,1,2015/06/26,2015/06/26
TS98568,1,2015/04/30,2015/04/30
TS99161,1,2015/01/15,2015/01/15
TS99164,6,2015/09/12,2015/09/12
TS99502,1,2015/07/30,2015/07/30
TS99531,5,2015/06/26,2015/06/26
TS99751,5,2015/08/31,2015/08/31
TS99818,6,2015/09/13,2015/09/13
TS99822,1,2015/08/10,2015/08/10
TUT3627,1,2015/06/07,2015/06/07
TUT6136,3,2015/05/18,2015/05/18
UDI9275,3,2015/07/27,2015/07/27
UJW7326,1,2015/08/03,2015/08/03
UJW7999,1,2015/08/03,2015/08/03
UMA6459,3,2015/07/26,2015/07/26
VAI1811,4,2015/08/07,2015/08/07
VAI4531,8,2015/08/07,2015/08/07
VAI9473,3,2015/08/07,2015/08/07
VAI9802,9,2015/08/07,2015/08/07
VAZ0725,3,2015/08/06,2015/08/06
VAZ3144,199,2015/09/11,2015/09/11
VAZ4262,7,2015/09/09,2015/09/09
VAZ7342,38,2015/08/31,2015/08/31
VAZ9976,2,2015/08/06,2015/08/06
VER3825,1,2015/07/07,2015/07/07
VER3985,2,2015/08/21,2015/08/21
VIK0320,1,2015/06/13,2015/06/13
VIK1822,1,2015/09/04,2015/09/04
VIK4158,1,2015/07/17,2015/07/17
VIK4931,2,2015/08/07,2015/08/07
VIK5366,1,2015/08/06,2015/08/06
VIS6138,5,2015/07/06,2015/07/06
VIS8977,2,2015/09/04,2015/09/04
VIS9497,3,2015/07/02,2015/07/02
VIV6831,1,2015/04/09,2015/04/09
VOR2981,8,2015/09/11,2015/09/11
VOR9755,9,2015/09/11,2015/09/11
WAD0807,2,2015/08/16,2015/08/16
WAD1039,3,2015/08/16,2015/08/16
WAD1281,2,2015/08/19,2015/08/19
WAD1613,1,2015/08/09,2015/08/09
WAD3062,1,2015/08/11,2015/08/11
WAD3075,2,2015/08/16,2015/08/16
WAD3560,2,2015/08/16,2015/08/16
WAD5985,2,2015/08/16,2015/08/16
WAD7576,3,2015/08/19,2015/08/19
WAD9557,3,2015/08/19,2015/08/19
YAD6359,1,2015/07/03,2015/07/03
YAS2831,3,2015/03/25,2015/03/25
YAS6727,1,2015/06/22,2015/06/22
YAS9115,1,2015/07/23,2015/07/23
YUN5456,3,2015/08/28,2015/08/28
YUN7808,2,2015/08/28,2015/08/28
ZAH6945,3,2015/06/23,2015/06/23
ZBK3694,3,2015/07/26,2015/07/26
ZDS4976,6,2015/08/29,2015/08/29
ZEL8533,1,2015/08/19,2015/08/19
ZKV8379,1,2015/06/30,2015/06/30
ZR.4232,3,2015/05/05,2015/05/05
ZSB2474,1,2015/07/06,2015/07/06
ZSR5105,3,2015/04/29,2015/04/29
ZSR6946,4,2015/06/12,2015/06/12
ZYB4134,1,2015/07/17,2015/07/17
ZYK6992,1,2015/07/30,2015/07/30
ZYS0578,1,2015/06/27,2015/06/27
ZYS2835,1,2015/06/27,2015/06/27
ZYX9258,2,2015/06/25,2015/06/25
ZZZ4138,2,2015/08/06,2015/08/06
